Date,ALLSKY_SFC_SW_DWN,CLRSKY_SFC_SW_DWN,ALLSKY_SFC_SW_DNI,ALLSKY_SFC_SW_DIFF,PSH,T2M,CLOUD_AMT,AOD_55,RH2M,WS2M
2024-01-03,15.92,19.33,6.94,9.02,0.38,27.96,47.62,0.64,83.46,2.22
2024-01-04,14.71,19.47,4.6,8.64,0.35,28.18,65.96,0.61,82.49,2.05
2024-01-05,16.87,19.72,10.55,8.19,0.41,27.89,52.12,0.54,84.42,1.91
2024-01-06,18.77,20.26,13.15,8.81,0.45,27.93,15.74,0.47,83.29,1.65
2024-01-07,18.04,20.18,11.29,9.3,0.43,28.0,32.12,0.47,84.24,1.7
2024-01-08,18.47,19.79,12.11,9.61,0.44,28.15,15.46,0.52,84.74,1.73
2024-01-09,18.5,20.08,12.88,8.52,0.44,28.01,27.47,0.52,85.61,2.01
2024-01-10,18.39,20.22,12.78,8.7,0.44,28.07,21.93,0.51,82.56,2.12
2024-01-11,19.3,20.48,14.3,8.54,0.46,28.15,24.12,0.45,81.51,1.7
2024-01-12,18.91,19.96,13.02,9.23,0.45,27.67,10.01,0.57,77.57,1.66
2024-01-13,18.3,18.65,9.4,11.18,0.44,27.78,8.43,0.77,83.62,1.61
2024-01-14,17.09,18.22,7.4,10.79,0.41,28.05,13.27,0.87,82.51,1.52
2024-01-15,17.75,18.79,8.37,10.46,0.43,27.96,25.99,0.78,80.92,1.31
2024-01-16,19.55,19.83,12.56,10.37,0.47,27.16,20.47,0.74,79.82,1.35
2024-01-17,20.34,20.59,14.35,9.95,0.49,27.2,4.25,0.79,78.26,1.61
2024-01-18,20.05,20.68,12.92,9.99,0.48,26.79,8.58,0.74,70.59,1.16
2024-01-19,19.38,19.8,11.35,10.83,0.46,27.31,7.15,0.87,76.74,1.36
2024-01-20,19.32,19.47,11.38,10.01,0.46,27.59,4.43,0.83,77.78,1.39
2024-01-21,21.02,21.97,17.74,7.91,0.5,27.28,10.71,0.56,78.06,1.55
2024-01-22,22.02,22.67,20.11,7.27,0.53,27.24,10.6,0.49,79.92,1.72
2024-01-23,19.9,20.24,13.13,10.38,0.48,27.8,14.78,0.71,79.95,2.22
2024-01-24,17.19,19.51,7.66,9.68,0.41,28.35,47.54,0.8,78.38,1.51
2024-01-25,19.35,19.54,9.97,12.1,0.46,26.36,16.77,1.08,71.53,2.12
2024-01-26,20.78,21.0,11.95,11.39,0.5,26.56,12.08,0.93,62.02,1.53
2024-01-27,19.99,20.07,9.02,12.47,0.48,26.44,10.66,1.14,56.86,1.75
2024-01-28,19.15,19.35,7.1,12.75,0.46,25.8,37.71,1.18,61.26,1.57
2024-01-29,18.11,18.46,6.22,12.47,0.43,26.23,26.81,1.18,70.22,1.4
2024-01-30,17.5,18.26,4.87,11.7,0.42,27.1,41.42,1.15,79.92,1.39
2024-01-31,17.23,17.78,5.74,11.52,0.41,27.61,30.52,1.17,83.61,1.57
2024-02-01,16.23,17.5,4.23,11.04,0.39,27.78,41.91,1.32,85.07,1.82
2024-02-02,14.15,17.07,1.97,9.34,0.34,27.97,41.78,1.49,83.6,1.55
2024-02-03,16.68,17.34,3.18,12.01,0.4,26.61,19.42,1.57,81.62,1.46
2024-02-04,17.51,18.21,4.35,13.44,0.42,26.35,19.29,1.3,76.84,1.72
2024-02-05,19.76,19.78,8.07,13.63,0.47,26.45,20.82,1.03,78.52,1.66
2024-02-06,19.35,20.34,8.34,11.34,0.46,26.13,24.29,1.18,68.34,1.86
2024-02-07,18.66,18.82,4.7,14.96,0.45,25.58,4.85,1.42,64.03,1.96
2024-02-08,17.45,17.95,3.45,13.51,0.42,25.61,8.73,1.51,69.44,1.29
2024-02-09,17.05,17.63,3.88,11.96,0.41,26.54,10.61,1.57,84.25,1.36
2024-02-10,18.47,18.69,6.89,12.99,0.44,27.41,5.85,1.67,87.19,1.73
2024-02-11,18.19,18.69,6.54,12.79,0.44,28.26,5.1,1.53,86.43,1.77
2024-02-12,18.65,19.41,7.2,11.89,0.45,27.83,9.25,1.22,88.21,1.69
2024-02-13,19.42,20.24,8.51,11.76,0.47,28.17,15.98,1.0,88.65,2.17
2024-02-14,20.56,21.44,11.52,11.16,0.49,28.78,19.37,0.76,86.16,2.41
2024-02-15,18.36,21.3,6.5,11.07,0.44,29.01,59.67,0.7,84.76,2.23
2024-02-16,17.11,20.63,4.42,10.18,0.41,28.59,73.1,0.82,84.63,2.12
2024-02-17,17.69,20.53,6.2,10.02,0.42,28.1,76.54,0.88,85.03,1.83
2024-02-18,16.0,20.12,4.62,8.96,0.38,28.43,79.52,0.96,82.73,2.05
2024-02-19,18.32,18.95,6.35,12.15,0.44,28.76,37.41,1.13,82.5,2.14
2024-02-20,10.86,19.25,2.79,6.6,0.26,28.67,63.28,1.09,83.4,2.16
2024-02-21,18.28,19.77,7.12,10.64,0.44,28.25,40.76,1.0,88.87,2.42
2024-02-22,11.43,20.72,3.18,6.67,0.27,28.3,94.22,0.92,87.3,2.52
2024-02-23,12.05,20.58,1.8,8.82,0.29,28.25,99.26,0.89,85.33,1.79
2024-02-24,14.39,20.96,2.37,8.75,0.35,28.25,96.5,0.86,81.89,1.3
2024-02-25,18.43,21.12,7.32,10.27,0.44,28.57,81.11,0.83,79.89,1.7
2024-02-26,19.6,21.55,9.83,10.08,0.47,28.51,41.3,0.74,82.98,2.11
2024-02-27,21.35,22.2,13.18,10.72,0.51,28.56,8.5,0.69,84.04,2.11
2024-02-28,19.54,21.47,9.73,10.52,0.47,28.17,14.84,0.73,86.58,2.59
2024-02-29,18.26,21.71,8.05,9.49,0.44,28.33,71.98,0.69,86.43,3.53
2024-03-01,17.01,22.15,7.29,8.85,0.41,28.29,66.48,0.63,84.18,2.85
2024-03-02,19.89,21.81,10.2,10.36,0.48,28.18,55.94,0.69,86.77,2.76
2024-03-03,16.19,22.11,4.06,10.88,0.39,27.93,88.52,0.64,85.84,2.14
2024-03-04,22.5,22.93,14.71,10.95,0.54,27.81,30.9,0.56,85.47,2.25
2024-03-05,20.2,21.51,10.12,10.79,0.48,28.06,60.44,0.71,86.56,2.82
2024-03-06,18.4,22.3,5.76,11.04,0.44,28.16,96.2,0.63,86.98,3.18
2024-03-07,17.05,22.85,2.99,11.62,0.41,28.0,98.74,0.59,87.05,2.87
2024-03-08,19.15,22.28,8.34,10.24,0.46,27.97,70.16,0.66,86.64,2.88
2024-03-09,15.3,23.29,4.0,9.68,0.37,27.85,81.84,0.51,87.33,2.31
2024-03-10,23.28,24.07,18.29,8.9,0.56,28.16,39.25,0.38,86.53,1.85
2024-03-11,19.56,23.29,12.46,8.87,0.47,28.48,28.37,0.45,86.19,2.62
2024-03-12,16.33,23.07,5.26,10.87,0.39,28.66,90.35,0.48,85.07,2.81
2024-03-13,18.82,23.22,7.15,10.05,0.45,28.52,62.6,0.52,86.36,2.84
2024-03-14,19.49,23.42,8.8,10.71,0.47,28.23,65.21,0.51,86.56,2.9
2024-03-15,23.53,24.25,16.71,9.55,0.57,29.06,44.59,0.42,79.25,1.57
2024-03-16,22.38,24.09,15.98,9.2,0.54,28.74,27.59,0.39,85.68,2.39
2024-03-17,21.8,23.98,15.09,9.1,0.52,28.83,26.16,0.38,84.99,1.92
2024-03-18,20.98,22.9,12.25,9.89,0.5,28.65,40.85,0.57,84.66,1.59
2024-03-19,16.86,21.26,4.34,10.3,0.4,28.84,96.86,0.96,83.35,1.72
2024-03-20,18.21,19.82,4.04,11.16,0.44,29.05,70.26,1.35,82.57,2.55
2024-03-21,17.57,19.16,3.65,11.37,0.42,28.88,57.2,1.53,85.09,2.22
2024-03-22,18.44,20.32,4.73,11.14,0.44,28.81,80.48,1.32,82.98,2.66
2024-03-23,17.76,20.65,4.94,10.19,0.43,28.68,67.66,1.19,84.1,2.69
2024-03-24,21.03,21.96,8.98,12.29,0.5,28.72,23.03,0.92,83.02,2.23
2024-03-25,21.39,23.26,10.79,11.09,0.51,28.72,40.98,0.67,84.27,2.55
2024-03-26,23.74,24.31,15.73,10.44,0.57,28.7,34.05,0.48,84.87,1.99
2024-03-27,23.0,24.34,15.07,10.16,0.55,29.02,20.9,0.46,83.96,1.85
2024-03-28,20.15,23.01,10.76,10.32,0.48,29.23,59.74,0.62,82.82,2.48
2024-03-29,18.72,22.43,7.2,10.15,0.45,29.14,90.09,0.74,84.68,2.97
2024-03-30,21.39,23.13,11.39,10.45,0.51,29.08,38.99,0.66,84.73,3.0
2024-03-31,20.98,23.3,10.86,10.65,0.5,28.91,44.41,0.59,84.65,2.69
2024-04-01,13.69,23.57,0.56,10.24,0.33,29.08,98.65,0.62,83.08,2.66
2024-04-02,20.18,22.57,8.81,10.88,0.48,28.83,59.64,0.74,85.7,2.27
2024-04-03,15.05,23.68,1.92,10.48,0.36,28.61,77.59,0.58,86.69,2.38
2024-04-04,23.21,23.98,13.81,10.64,0.56,28.9,30.34,0.51,84.15,2.55
2024-04-05,18.49,23.67,8.58,8.79,0.44,28.58,79.6,0.55,87.23,2.8
2024-04-06,13.02,24.64,4.62,8.16,0.31,28.53,70.65,0.41,85.86,2.56
2024-04-07,23.97,24.57,17.44,9.55,0.58,28.33,48.18,0.42,85.3,2.09
2024-04-08,12.25,24.21,0.33,9.13,0.29,28.26,97.89,0.45,86.8,2.68
2024-04-09,21.42,25.47,16.3,8.93,0.51,28.57,49.67,0.26,82.63,1.8
2024-04-10,20.8,25.39,15.21,7.87,0.5,28.7,53.05,0.26,82.43,1.89
2024-04-11,18.04,23.88,4.13,11.23,0.43,28.7,78.9,0.56,81.37,2.29
2024-04-12,19.16,23.77,6.78,10.43,0.46,28.77,71.43,0.62,83.72,2.28
2024-04-13,21.24,24.43,11.67,9.91,0.51,28.76,49.0,0.5,83.8,3.01
2024-04-14,6.72,24.21,1.1,4.88,0.16,28.7,90.85,0.5,80.45,1.58
2024-04-15,21.8,24.57,14.49,9.01,0.52,28.95,50.71,0.41,82.21,1.58
2024-04-16,9.22,24.2,0.22,6.84,0.22,28.74,99.12,0.48,84.32,2.03
2024-04-17,17.13,23.16,2.33,12.22,0.41,28.47,89.58,0.67,87.32,2.37
2024-04-18,21.31,22.4,8.66,12.33,0.51,28.65,54.84,0.83,85.57,2.19
2024-04-19,19.53,23.1,6.48,11.8,0.47,28.82,42.65,0.65,87.25,2.54
2024-04-20,21.69,23.35,10.6,11.29,0.52,28.94,52.27,0.67,85.42,2.07
2024-04-21,9.41,22.66,2.65,5.8,0.23,28.46,72.58,0.82,88.49,2.71
2024-04-22,21.16,23.27,13.27,11.66,0.51,28.53,85.63,0.63,85.47,2.01
2024-04-23,9.8,23.74,1.17,6.75,0.24,28.53,95.17,0.49,87.34,2.07
2024-04-24,21.61,23.26,12.38,11.0,0.52,28.51,66.08,0.57,86.72,2.26
2024-04-25,21.37,23.72,9.83,11.16,0.51,28.52,76.46,0.54,85.78,2.48
2024-04-26,21.18,23.55,11.61,10.46,0.51,28.58,75.91,0.54,86.65,2.43
2024-04-27,18.99,24.17,6.55,10.48,0.46,28.85,68.42,0.45,85.33,1.94
2024-04-28,19.33,23.07,7.42,12.78,0.46,28.65,93.74,0.63,87.11,2.21
2024-04-29,18.33,23.06,5.26,11.22,0.44,28.46,89.64,0.62,89.33,2.62
2024-04-30,20.64,23.39,11.94,10.69,0.5,28.79,84.03,0.58,87.52,2.15
2024-05-01,6.56,22.91,0.89,4.87,0.16,28.16,99.52,0.64,89.33,2.54
2024-05-02,23.07,23.93,15.79,9.54,0.55,27.89,71.79,0.49,85.38,2.45
2024-05-03,5.96,24.14,0.43,4.45,0.14,28.25,98.96,0.43,83.61,1.91
2024-05-04,23.45,24.0,15.61,10.37,0.56,28.76,33.87,0.42,82.55,1.92
2024-05-05,23.01,24.29,16.58,9.5,0.55,28.76,17.46,0.39,85.19,2.15
2024-05-06,13.12,23.95,4.47,7.76,0.31,28.61,84.19,0.45,86.18,2.2
2024-05-07,14.39,23.11,2.72,9.99,0.35,28.45,97.78,0.57,83.47,1.87
2024-05-08,17.85,22.12,5.3,11.3,0.43,28.65,85.02,0.67,84.8,2.07
2024-05-09,19.74,23.31,11.3,10.45,0.47,28.78,91.38,0.62,82.85,2.44
2024-05-10,20.73,23.45,11.37,10.22,0.5,28.75,46.09,0.55,83.83,2.42
2024-05-11,11.35,23.05,4.05,6.74,0.27,28.58,70.1,0.57,86.23,2.06
2024-05-12,17.52,22.06,7.06,9.37,0.42,28.1,88.39,0.69,88.35,1.92
2024-05-13,17.24,23.19,2.54,12.22,0.41,28.12,99.04,0.55,82.54,1.58
2024-05-14,20.38,23.24,10.62,10.27,0.49,28.14,71.74,0.54,77.1,1.13
2024-05-15,20.47,22.64,11.96,9.81,0.49,28.73,67.59,0.57,83.72,2.05
2024-05-16,3.54,23.54,0.24,2.76,0.08,27.87,98.54,0.46,88.9,2.22
2024-05-17,21.49,23.52,12.07,10.63,0.52,27.93,76.44,0.47,86.51,2.16
2024-05-18,17.43,23.52,3.95,11.25,0.42,28.24,97.23,0.45,86.1,2.64
2024-05-19,20.07,23.28,12.21,9.31,0.48,28.61,53.41,0.49,86.8,2.59
2024-05-20,19.68,22.8,10.22,9.78,0.47,28.59,51.23,0.57,86.24,2.13
2024-05-21,20.48,22.79,11.46,9.92,0.49,28.29,65.52,0.58,88.82,2.34
2024-05-22,7.93,23.19,1.71,5.66,0.19,27.94,90.69,0.51,89.31,2.24
2024-05-23,19.62,23.27,11.08,9.67,0.47,27.65,40.81,0.46,88.53,2.16
2024-05-24,18.75,22.92,8.47,9.72,0.45,27.64,63.47,0.52,87.55,2.68
2024-05-25,12.55,22.24,2.32,8.77,0.3,27.04,98.25,0.65,85.57,2.26
2024-05-26,20.25,23.61,14.84,8.28,0.49,28.13,35.61,0.39,78.83,1.9
2024-05-27,21.54,23.23,14.18,9.64,0.52,27.78,42.69,0.42,84.14,1.77
2024-05-28,15.6,23.33,1.41,11.61,0.37,27.76,92.36,0.42,88.14,2.37
2024-05-29,18.48,22.74,8.04,11.44,0.44,28.31,73.51,0.49,86.26,2.34
2024-05-30,19.08,22.85,10.04,9.84,0.46,28.13,83.16,0.49,87.33,2.15
2024-05-31,4.45,22.79,0.13,3.42,0.11,28.01,98.11,0.5,87.98,2.67
2024-06-01,20.65,23.58,14.02,9.09,0.5,28.08,38.86,0.39,84.6,1.9
2024-06-02,6.63,21.2,0.21,4.93,0.16,27.35,95.9,0.68,90.24,2.45
2024-06-03,18.58,22.67,8.91,9.59,0.45,27.41,53.31,0.52,88.16,2.03
2024-06-04,17.55,22.66,9.05,9.08,0.42,27.93,52.65,0.53,86.86,2.4
2024-06-05,18.94,22.38,8.99,10.01,0.45,27.38,48.63,0.59,90.27,2.6
2024-06-06,13.5,22.2,3.87,8.12,0.32,27.19,74.48,0.6,90.48,3.01
2024-06-07,13.75,22.84,3.7,8.99,0.33,26.76,80.25,0.52,87.92,2.3
2024-06-08,8.16,21.61,0.32,6.19,0.2,27.13,90.94,0.69,86.04,2.06
2024-06-09,13.93,22.23,2.52,8.3,0.33,27.18,89.58,0.6,88.7,2.94
2024-06-10,18.88,22.25,8.0,10.04,0.45,27.26,72.37,0.61,88.02,2.79
2024-06-11,14.86,23.31,4.3,8.78,0.36,27.4,87.06,0.42,86.95,2.54
2024-06-12,21.05,23.82,15.17,8.18,0.51,27.11,52.55,0.31,86.28,1.7
2024-06-13,16.35,23.82,8.82,8.2,0.39,27.57,52.29,0.3,86.32,2.43
2024-06-14,4.64,21.53,0.35,3.39,0.11,27.07,95.66,0.6,90.67,3.11
2024-06-15,13.09,22.61,2.01,9.0,0.31,26.23,96.66,0.56,92.03,3.25
2024-06-16,11.73,23.29,0.78,8.51,0.28,26.25,95.67,0.42,86.39,1.68
2024-06-17,13.63,23.68,3.88,8.42,0.33,27.21,73.61,0.35,80.5,1.31
2024-06-18,11.71,22.85,2.32,7.56,0.28,27.58,66.59,0.44,84.55,1.73
2024-06-19,18.56,22.35,8.05,9.89,0.44,27.4,84.16,0.49,88.96,2.71
2024-06-20,9.82,22.5,0.75,7.03,0.24,26.98,94.82,0.51,90.94,2.62
2024-06-21,11.64,22.52,0.65,8.28,0.28,26.45,99.12,0.51,92.83,2.57
2024-06-22,19.41,23.58,12.37,8.44,0.47,26.66,58.92,0.39,85.05,1.94
2024-06-23,16.9,23.54,7.51,9.07,0.41,26.56,72.01,0.34,88.33,2.16
2024-06-24,11.69,21.69,4.53,6.54,0.28,26.79,75.59,0.62,88.8,2.41
2024-06-25,8.08,22.34,0.95,5.8,0.19,26.66,99.57,0.67,89.99,2.89
2024-06-26,18.21,22.28,6.49,10.8,0.44,26.27,94.97,0.68,86.77,2.17
2024-06-27,20.33,22.49,9.41,10.69,0.49,26.81,64.96,0.61,85.68,1.9
2024-06-28,12.75,22.99,1.92,8.47,0.31,26.79,93.38,0.46,88.77,2.51
2024-06-29,13.47,22.58,3.4,7.91,0.32,26.33,89.23,0.5,88.67,2.28
2024-06-30,16.31,22.89,6.73,8.83,0.39,26.64,64.21,0.51,86.71,2.47
2024-07-01,17.21,22.14,6.22,9.52,0.41,26.64,74.43,0.6,86.49,2.14
2024-07-02,7.54,22.4,0.37,5.55,0.18,26.5,99.21,0.55,90.0,3.05
2024-07-03,3.98,22.71,0.25,3.01,0.1,26.06,99.69,0.55,90.03,3.01
2024-07-04,13.67,23.26,1.75,9.73,0.33,26.17,92.5,0.44,88.84,2.64
2024-07-05,11.33,22.97,0.68,7.95,0.27,26.2,97.82,0.48,88.79,2.44
2024-07-06,13.8,23.13,1.0,10.25,0.33,25.89,95.82,0.5,89.01,2.36
2024-07-07,15.73,21.94,3.68,9.55,0.38,26.16,91.99,0.72,89.39,2.63
2024-07-08,6.54,22.74,0.34,4.89,0.16,25.74,87.16,0.56,89.18,2.66
2024-07-09,14.29,22.92,2.74,8.7,0.34,25.79,88.6,0.52,87.36,2.39
2024-07-10,5.77,23.08,0.35,4.35,0.14,25.89,97.54,0.46,88.44,2.84
2024-07-11,4.49,23.03,0.3,3.32,0.11,25.76,99.59,0.47,89.58,3.18
2024-07-12,11.02,21.57,0.31,8.29,0.26,25.73,96.21,0.8,90.36,3.12
2024-07-13,13.8,21.56,2.34,8.68,0.33,25.47,92.76,0.83,91.03,2.87
2024-07-14,13.03,23.21,2.06,9.05,0.31,25.92,93.64,0.49,88.17,2.95
2024-07-15,12.43,22.67,4.46,7.09,0.3,25.77,94.98,0.55,89.0,3.42
2024-07-16,9.79,23.1,1.62,6.97,0.24,25.33,97.64,0.51,89.95,2.92
2024-07-17,9.86,21.75,0.7,7.32,0.24,25.57,93.89,0.7,88.67,3.43
2024-07-18,13.04,21.12,4.09,7.27,0.31,25.68,86.23,0.89,87.91,3.56
2024-07-19,10.69,21.5,1.8,7.28,0.26,25.53,90.39,0.85,88.95,3.53
2024-07-20,12.32,22.25,1.1,8.27,0.3,25.32,98.32,0.78,90.24,3.93
2024-07-21,13.72,22.0,2.1,9.03,0.33,25.55,70.13,0.74,88.03,3.24
2024-07-22,18.07,22.74,7.48,9.7,0.43,25.43,51.18,0.65,87.05,2.86
2024-07-23,14.42,23.15,5.51,7.83,0.35,25.42,57.06,0.52,87.23,2.67
2024-07-24,16.24,23.79,10.49,7.33,0.39,25.56,57.05,0.4,87.62,2.65
2024-07-25,14.28,23.56,7.81,7.23,0.34,25.37,79.05,0.46,88.69,3.12
2024-07-26,15.87,23.43,8.13,7.79,0.38,25.52,48.66,0.49,88.24,2.99
2024-07-27,12.79,23.48,6.29,6.64,0.31,25.53,55.34,0.47,87.83,2.95
2024-07-28,14.9,21.89,3.78,9.16,0.36,25.54,92.29,0.79,88.6,3.59
2024-07-29,11.35,22.29,0.39,8.34,0.27,25.48,95.5,0.78,87.8,3.48
2024-07-30,13.95,22.71,6.72,7.06,0.33,25.4,77.86,0.61,87.33,3.29
2024-07-31,9.83,24.16,4.08,6.86,0.24,25.43,87.62,0.43,87.01,3.32
2024-08-01,13.02,24.33,3.51,7.92,0.31,25.36,86.79,0.42,88.01,3.35
2024-08-02,13.42,20.7,3.21,8.14,0.32,25.47,70.52,1.06,86.53,2.83
2024-08-03,19.02,23.94,9.56,9.69,0.46,25.42,49.92,0.58,86.23,2.75
2024-08-04,15.86,22.94,8.58,7.7,0.38,25.41,37.8,0.52,86.36,2.84
2024-08-05,19.78,23.12,11.88,8.98,0.47,25.39,32.13,0.54,85.49,2.94
2024-08-06,12.88,23.74,4.94,7.15,0.31,25.31,72.44,0.49,86.36,3.28
2024-08-07,11.64,22.29,3.38,6.73,0.28,25.4,81.75,0.85,85.34,3.37
2024-08-08,12.52,22.46,2.21,8.62,0.3,25.46,95.64,0.85,83.68,2.91
2024-08-09,18.97,22.95,12.45,8.24,0.46,25.31,51.88,0.68,86.1,2.37
2024-08-10,19.99,24.16,14.24,8.28,0.48,25.49,30.38,0.37,86.77,3.09
2024-08-11,19.65,23.98,14.39,7.81,0.47,25.41,29.14,0.49,85.86,3.05
2024-08-12,12.56,22.13,3.32,7.98,0.3,25.44,87.43,0.75,85.24,3.27
2024-08-13,14.21,23.48,4.35,8.36,0.34,25.66,92.79,0.52,86.91,3.58
2024-08-14,19.42,22.75,10.83,9.46,0.47,25.74,40.77,0.58,86.25,2.84
2024-08-15,14.61,22.12,5.54,8.33,0.35,25.63,70.48,0.75,87.79,2.92
2024-08-16,16.29,23.14,3.51,10.0,0.39,25.35,88.17,0.67,88.49,3.22
2024-08-17,17.28,20.98,6.16,9.86,0.41,25.45,41.12,1.15,88.4,3.0
2024-08-18,12.46,16.85,1.9,7.93,0.3,25.28,76.09,1.86,89.44,2.2
2024-08-19,9.7,22.62,0.11,7.26,0.23,25.07,99.54,0.82,91.78,3.68
2024-08-20,10.01,23.77,1.22,6.94,0.24,25.19,95.59,0.58,91.03,3.49
2024-08-21,17.86,23.14,8.5,9.66,0.43,25.58,51.72,0.65,89.05,2.42
2024-08-22,14.3,22.16,5.9,7.92,0.34,25.86,72.74,0.91,88.31,2.92
2024-08-23,6.59,20.96,0.25,4.92,0.16,25.18,99.04,1.08,91.96,4.49
2024-08-24,9.67,18.17,0.33,7.01,0.23,25.09,97.42,1.59,91.75,2.43
2024-08-25,9.62,19.83,0.22,7.16,0.23,25.47,98.17,1.35,90.2,2.02
2024-08-26,11.08,23.26,0.98,7.64,0.27,25.14,98.12,0.74,92.93,3.57
2024-08-27,11.22,23.56,2.52,7.34,0.27,25.55,88.8,0.66,90.3,3.18
2024-08-28,14.69,21.15,4.34,8.4,0.35,25.59,63.6,0.96,89.87,2.53
2024-08-29,11.45,17.41,1.0,8.02,0.27,25.41,90.93,1.63,89.38,2.76
2024-08-30,12.84,22.47,0.95,9.29,0.31,25.33,98.64,0.9,89.99,3.84
2024-08-31,15.41,23.58,7.58,7.75,0.37,25.1,63.04,0.57,89.77,3.23
2024-09-01,18.88,23.16,11.88,8.23,0.45,25.23,42.71,0.54,88.14,2.83
2024-09-02,18.86,22.73,10.11,8.74,0.45,25.32,55.53,0.67,87.74,2.49
2024-09-03,17.71,22.64,7.46,9.61,0.43,25.33,77.76,0.72,89.19,2.56
2024-09-04,20.42,23.5,11.54,9.68,0.49,25.59,48.8,0.61,87.33,2.93
2024-09-05,21.97,24.39,15.01,9.07,0.53,25.4,21.77,0.43,86.11,2.49
2024-09-06,17.79,23.79,6.22,9.85,0.43,25.61,77.87,0.63,86.11,2.8
2024-09-07,9.87,24.27,1.4,6.99,0.24,25.09,91.34,0.55,90.52,3.05
2024-09-08,18.41,24.29,11.3,8.81,0.44,25.69,49.26,0.43,87.63,2.33
2024-09-09,23.01,24.37,15.93,9.64,0.55,26.04,30.68,0.44,86.61,2.31
2024-09-10,13.33,24.64,1.95,8.24,0.32,25.63,97.52,0.38,91.21,3.14
2024-09-11,15.86,24.67,6.53,8.78,0.38,25.59,75.85,0.4,91.18,2.78
2024-09-12,13.36,24.92,3.22,8.13,0.32,25.76,90.27,0.32,90.95,2.56
2024-09-13,14.99,24.22,3.29,9.69,0.36,25.59,93.74,0.47,91.93,2.84
2024-09-14,9.29,24.94,0.69,6.84,0.22,25.47,95.08,0.36,92.52,3.15
2024-09-15,17.19,24.76,6.62,9.36,0.41,25.98,68.83,0.31,89.83,2.4
2024-09-16,15.61,24.81,8.16,7.88,0.37,26.12,76.54,0.32,90.06,2.65
2024-09-17,13.09,24.13,2.24,8.58,0.31,26.07,95.01,0.44,90.25,2.82
2024-09-18,12.74,24.4,2.05,8.72,0.31,25.54,94.06,0.43,91.32,2.84
2024-09-19,17.79,24.8,8.92,9.42,0.43,26.0,73.64,0.37,88.29,2.91
2024-09-20,17.28,24.2,7.18,9.32,0.41,25.91,73.12,0.49,88.29,2.2
2024-09-21,12.43,24.27,0.55,9.25,0.3,26.09,81.63,0.45,89.22,2.44
2024-09-22,18.97,24.08,10.49,9.56,0.46,26.13,42.57,0.41,90.16,3.0
2024-09-23,22.04,24.9,16.05,8.5,0.53,26.18,32.15,0.33,88.86,2.54
2024-09-24,16.09,24.46,5.46,9.26,0.39,26.07,89.08,0.42,88.68,2.12
2024-09-25,7.34,24.3,0.8,5.13,0.18,25.48,98.85,0.44,89.19,2.13
2024-09-26,19.65,25.13,9.96,10.4,0.47,26.09,61.1,0.27,86.63,1.95
2024-09-27,18.94,25.0,11.34,8.57,0.45,26.31,52.49,0.28,87.65,2.8
2024-09-28,15.95,24.1,4.21,9.93,0.38,26.28,80.44,0.42,87.54,2.58
2024-09-29,13.04,24.15,3.21,8.38,0.31,26.04,73.96,0.49,88.83,1.95
2024-09-30,13.15,24.25,2.69,7.94,0.32,26.44,91.33,0.39,88.51,2.6
2024-10-01,17.28,24.36,9.26,8.67,0.41,26.47,67.49,0.38,87.97,2.64
2024-10-02,19.09,23.62,7.87,10.17,0.46,26.58,94.96,0.47,87.9,2.67
2024-10-03,12.0,23.97,2.87,7.41,0.29,26.3,95.83,0.41,91.46,3.09
2024-10-04,10.85,23.36,0.41,8.08,0.26,26.23,98.07,0.52,91.14,3.17
2024-10-05,15.12,24.06,2.76,9.19,0.36,25.81,97.27,0.41,91.84,3.01
2024-10-06,16.85,24.48,5.71,9.58,0.4,25.92,92.41,0.33,88.93,2.1
2024-10-07,14.76,24.67,3.9,8.51,0.35,26.08,97.55,0.33,87.35,1.92
2024-10-08,12.86,24.39,4.82,7.77,0.31,26.35,82.58,0.3,89.04,1.45
2024-10-09,16.78,23.93,4.29,10.03,0.4,26.07,82.17,0.39,86.54,1.88
2024-10-10,20.22,24.06,12.16,9.24,0.49,26.47,75.93,0.37,83.58,1.35
2024-10-11,17.21,23.77,10.15,8.32,0.41,26.32,72.83,0.38,88.75,2.25
2024-10-12,14.93,23.83,3.42,9.26,0.36,26.14,95.2,0.36,91.43,1.69
2024-10-13,8.27,23.73,0.53,6.02,0.2,26.3,97.48,0.39,90.35,1.68
2024-10-14,12.34,24.15,2.37,8.12,0.3,25.65,86.7,0.34,87.76,1.57
2024-10-15,21.1,24.02,14.84,8.68,0.51,26.57,63.75,0.35,86.18,1.44
2024-10-16,13.73,23.36,3.18,8.62,0.33,25.77,95.32,0.38,90.59,1.86
2024-10-17,9.3,24.04,0.89,6.98,0.22,25.77,77.73,0.27,91.68,2.16
2024-10-18,21.78,24.07,18.12,7.51,0.52,26.35,52.46,0.29,87.39,1.73
2024-10-19,17.25,23.38,5.99,9.63,0.41,26.43,84.55,0.38,90.33,2.21
2024-10-20,17.76,23.17,9.25,8.69,0.43,26.37,70.29,0.43,90.37,2.53
2024-10-21,18.16,23.3,8.12,9.6,0.44,26.45,65.23,0.41,89.14,2.12
2024-10-22,11.51,23.53,2.63,7.06,0.28,26.64,85.65,0.32,88.83,1.68
2024-10-23,19.07,23.72,11.18,8.76,0.46,26.72,49.44,0.29,88.27,1.32
2024-10-24,19.59,23.16,11.76,8.91,0.47,27.16,57.88,0.36,88.3,2.37
2024-10-25,17.3,23.71,8.69,8.4,0.41,26.48,90.96,0.27,92.08,2.03
2024-10-26,20.65,23.22,13.48,8.83,0.5,27.01,60.34,0.33,84.8,1.23
2024-10-27,21.77,22.74,15.49,8.96,0.52,27.18,49.73,0.4,86.98,1.26
2024-10-28,15.99,23.22,8.17,8.04,0.38,26.91,60.61,0.3,91.25,1.92
2024-10-29,13.72,23.65,4.53,8.47,0.33,27.18,63.26,0.23,87.58,1.6
2024-10-30,18.41,23.38,11.38,8.92,0.44,27.15,59.55,0.26,87.08,1.7
2024-10-31,21.04,22.85,13.94,9.7,0.51,27.74,42.52,0.35,84.38,1.46
2024-11-01,15.97,22.45,8.02,9.04,0.38,27.32,50.71,0.38,86.19,1.54
2024-11-02,15.79,22.58,4.8,9.36,0.38,26.76,79.31,0.37,89.55,1.8
2024-11-03,18.47,22.91,11.0,8.99,0.44,27.19,49.3,0.32,85.97,1.32
2024-11-04,18.89,22.78,9.26,10.35,0.45,27.79,61.46,0.31,82.13,1.22
2024-11-05,22.34,23.33,19.86,7.48,0.54,26.99,11.01,0.3,78.12,1.55
2024-11-06,16.93,22.1,8.55,8.68,0.41,27.2,52.63,0.42,81.22,1.32
2024-11-07,13.68,22.28,5.29,7.69,0.33,27.16,86.14,0.42,80.18,1.31
2024-11-08,21.31,21.81,16.21,9.14,0.51,27.05,30.3,0.45,81.32,1.89
2024-11-09,16.78,21.58,6.27,9.43,0.4,26.98,80.79,0.45,89.38,2.11
2024-11-10,19.68,21.71,11.56,9.7,0.47,27.0,57.72,0.42,86.83,1.73
2024-11-11,20.04,21.9,13.48,9.32,0.48,27.33,19.61,0.38,83.22,1.13
2024-11-12,20.45,21.91,15.44,8.81,0.49,27.86,29.81,0.35,81.7,1.12
2024-11-13,20.23,21.95,15.93,8.4,0.49,27.71,23.34,0.33,85.58,1.75
2024-11-14,19.4,21.58,13.56,8.62,0.47,27.54,52.52,0.37,87.21,2.3
2024-11-15,19.89,22.06,16.38,7.54,0.48,27.38,44.76,0.32,86.19,1.98
2024-11-16,21.33,22.29,17.79,7.86,0.51,27.73,16.57,0.31,83.56,1.4
2024-11-17,17.45,22.02,11.14,8.61,0.42,27.31,44.63,0.3,84.53,1.59
2024-11-18,21.03,22.04,17.58,7.92,0.5,27.68,15.37,0.34,81.59,1.24
2024-11-19,20.59,21.26,15.51,8.81,0.49,27.09,19.61,0.45,78.13,1.43
2024-11-20,21.12,21.29,17.15,8.47,0.51,26.77,9.38,0.5,72.73,1.6
2024-11-21,20.5,21.26,15.43,8.63,0.49,27.21,8.68,0.43,79.86,1.7
2024-11-22,17.27,20.55,10.76,8.34,0.41,27.49,32.5,0.55,82.77,1.69
2024-11-23,16.64,20.79,8.94,8.8,0.4,27.04,41.5,0.47,81.76,1.36
2024-11-24,20.21,22.25,16.44,8.12,0.49,26.8,28.21,0.29,77.83,1.3
2024-11-25,20.86,22.68,19.01,6.98,0.5,26.3,12.65,0.22,80.41,1.58
2024-11-26,21.58,22.26,19.22,7.73,0.52,26.21,13.39,0.25,77.36,1.78
2024-11-27,20.61,21.8,18.09,7.42,0.5,26.41,14.17,0.31,78.03,1.52
2024-11-28,18.85,21.5,13.87,8.55,0.45,26.68,18.56,0.36,76.94,1.46
2024-11-29,23.12,23.23,26.24,4.92,0.55,26.57,2.81,0.36,68.69,1.67
2024-11-30,21.46,21.7,19.7,7.34,0.51,26.09,25.21,0.42,65.06,1.62
2024-12-01,21.45,21.57,20.58,6.82,0.51,25.89,11.52,0.5,67.12,1.42
2024-12-02,21.43,21.58,20.5,7.2,0.51,26.6,3.29,0.47,70.85,1.43
2024-12-03,19.99,20.52,14.67,8.82,0.48,26.61,27.63,0.45,79.59,1.67
2024-12-04,19.34,21.01,16.09,7.67,0.46,26.91,23.67,0.33,82.37,1.41
2024-12-05,19.17,21.32,16.16,7.55,0.46,26.98,16.23,0.3,78.91,1.36
2024-12-06,18.1,20.51,13.76,7.65,0.43,26.85,45.17,0.42,78.86,1.36
2024-12-07,19.52,20.2,14.42,8.57,0.47,26.27,45.67,0.46,70.05,1.42
2024-12-08,21.72,21.85,22.27,5.64,0.52,26.17,34.88,0.46,72.06,1.47
2024-12-09,15.6,19.44,5.52,8.87,0.37,26.71,84.39,0.6,68.37,0.89
2024-12-10,20.6,20.77,18.11,7.73,0.49,26.37,27.6,0.57,66.58,1.48
2024-12-11,17.81,19.91,10.25,9.24,0.43,25.98,63.67,0.48,80.85,2.04
2024-12-12,19.97,20.88,15.29,8.71,0.48,27.63,23.26,0.35,82.28,1.65
2024-12-13,19.12,20.93,13.45,8.99,0.46,27.78,31.97,0.32,82.33,1.33
2024-12-14,20.13,20.79,15.83,8.89,0.48,26.87,11.3,0.39,80.12,1.15
2024-12-15,18.84,20.3,13.17,8.69,0.45,26.96,15.57,0.47,74.67,1.48
2024-12-16,19.54,19.71,13.61,9.28,0.47,26.37,12.47,0.6,70.26,1.54
2024-12-17,19.09,19.36,11.5,10.53,0.46,26.41,6.34,0.87,66.74,1.42
2024-12-18,19.02,19.28,11.31,10.44,0.46,25.99,23.52,0.78,67.75,1.36
2024-12-19,20.12,20.27,16.05,8.56,0.48,25.52,4.43,0.5,65.84,1.69
2024-12-20,19.92,20.01,15.01,9.0,0.48,24.69,5.93,0.61,57.89,2.05
2024-12-21,18.65,19.17,10.9,10.07,0.45,24.14,30.36,0.72,61.68,2.16
2024-12-22,18.54,18.76,9.49,11.57,0.44,24.74,6.85,0.99,61.78,1.72
2024-12-23,18.49,18.74,9.56,11.47,0.44,25.99,4.78,0.95,62.0,1.27
2024-12-24,18.34,18.62,10.62,10.54,0.44,26.32,7.87,0.86,70.89,1.04
2024-12-25,18.6,18.81,11.88,9.5,0.45,26.56,6.17,0.76,76.11,1.66
2024-12-26,18.69,18.96,12.66,9.0,0.45,26.55,20.3,0.6,76.17,1.77
2024-12-27,19.0,19.8,13.85,8.41,0.46,26.65,20.2,0.57,79.42,1.48
2024-12-28,19.62,20.0,14.53,9.09,0.47,26.62,10.61,0.51,79.69,1.2
2024-12-29,19.98,20.23,16.61,7.67,0.48,26.56,24.47,0.51,84.03,1.48
2024-12-30,18.65,19.4,13.7,8.71,0.45,27.24,29.62,0.57,82.38,1.47
2024-12-31,18.56,18.99,11.71,9.66,0.45,27.33,9.74,0.6,82.65,1.59
